{"cameraMode":{"drawMode":0,"name":"Shaded","section":"Shading Mode"},"sceneLighting":true,"audioPlay":false,"sceneViewState":{"showFog":true,"showMaterialUpdate":false,"showSkybox":true,"showFlares":true,"showImageEffects":true,"showParticleSystems":true},"in2DMode":false,"pivot":{"x":-1.5048720836639405,"y":9.107906341552735,"z":3.2319793701171877},"rotation":{"x":0.08715645968914032,"y":0.023006783798336984,"z":0.0020132968202233316,"w":-0.9959269762039185},"size":23.693296432495118,"orthographic":false}