{"cameraMode":{"drawMode":0,"name":"Shaded","section":"Shading Mode"},"sceneLighting":false,"audioPlay":false,"sceneViewState":{"showFog":true,"showMaterialUpdate":false,"showSkybox":true,"showFlares":true,"showImageEffects":true,"showParticleSystems":true},"in2DMode":false,"pivot":{"x":-1.9615728855133057,"y":0.18250560760498048,"z":-0.8422122001647949},"rotation":{"x":0.1768980771303177,"y":-0.18799124658107758,"z":0.03444386273622513,"w":0.965494692325592},"size":7.49148416519165,"orthographic":false}