{"cameraMode":{"drawMode":0,"name":"Shaded","section":"Shading Mode"},"sceneLighting":false,"audioPlay":false,"sceneViewState":{"showFog":true,"showMaterialUpdate":false,"showSkybox":true,"showFlares":true,"showImageEffects":true,"showParticleSystems":true},"in2DMode":false,"pivot":{"x":16.03245735168457,"y":1.1185483932495118,"z":-6.847744464874268},"rotation":{"x":0.04125955328345299,"y":0.18682289123535157,"z":-0.007854321971535683,"w":0.9814953804016113},"size":5.581297397613525,"orthographic":false}